backend,block_size,calls,cases,failures,images_per_sec,iterations,kind,limitations,max_run_ms,median_ms,min_run_ms,p95_ms,pipeline,policy,repetitions,run_spread_percent,samples,size,transform,valid,warmup_calls,validation
torchvision,100,100000,,,74626865.67164178,100000,boundary,,1.4099999999999999e-05,1.34e-05,1.3300000000000001e-05,1.35e-05,,,3,5.970149253731324,,,,True,10,{}
torchvision,,,123,[],,,correctness,[],,,,,,,3,,,,,True,,{}
torchvision,1,,,,12884.024453878414,100,micro,,0.078625,0.0776155,0.0755305,0.109261,,,3,3.986961367252675,100,224,Resize,True,10,"{""c_contiguous"": true, ""container"": ""torch.Tensor"", ""dtype"": ""uint8"", ""finite"": true, ""max"": 224.0, ""min"": 32.0, ""shape"": [3, 168, 168]}"
torchvision,1,,,,93023.2558139535,100,micro,,0.011015,0.01075,0.01057,0.01683,,,3,4.139534883720939,100,224,RandomCrop,True,10,"{""c_contiguous"": true, ""container"": ""torch.Tensor"", ""dtype"": ""uint8"", ""finite"": true, ""max"": 224.0, ""min"": 32.0, ""shape"": [3, 168, 168]}"
torchvision,1,,,,136892.53935660506,100,micro,,0.00733,0.007305,0.00727,0.00817,,,3,0.8213552361396207,100,224,CenterCrop,True,10,"{""c_contiguous"": true, ""container"": ""torch.Tensor"", ""dtype"": ""uint8"", ""finite"": true, ""max"": 224.0, ""min"": 32.0, ""shape"": [3, 168, 168]}"
torchvision,1,,,,122100.12210012211,100,micro,,0.008225,0.00819,0.00814,0.00895,,,3,1.037851037851038,100,224,HorizontalFlip,True,10,"{""c_contiguous"": true, ""container"": ""torch.Tensor"", ""dtype"": ""uint8"", ""finite"": true, ""max"": 224.0, ""min"": 32.0, ""shape"": [3, 224, 224]}"
torchvision,1,,,,122624.15695892092,100,micro,,0.008255,0.008154999999999999,0.008,0.01017,,,3,3.1269160024524836,100,224,VerticalFlip,True,10,"{""c_contiguous"": true, ""container"": ""torch.Tensor"", ""dtype"": ""uint8"", ""finite"": true, ""max"": 224.0, ""min"": 32.0, ""shape"": [3, 224, 224]}"
torchvision,1,,,,4079.4430744314786,100,micro,,0.250402,0.2451315,0.24272149999999998,0.319752,,,3,3.1332162533171113,100,224,ColorJitter,True,10,"{""c_contiguous"": true, ""container"": ""torch.Tensor"", ""dtype"": ""uint8"", ""finite"": true, ""max"": 243.0, ""min"": 38.0, ""shape"": [3, 224, 224]}"
torchvision,1,,,,1727.716986135935,100,micro,,0.5806735000000001,0.5787985,0.5781240000000001,0.632994,,,3,0.4404814456153536,100,224,Affine,True,10,"{""c_contiguous"": true, ""container"": ""torch.Tensor"", ""dtype"": ""uint8"", ""finite"": true, ""max"": 224.0, ""min"": 0.0, ""shape"": [3, 224, 224]}"
torchvision,1,,,,388.97474425883,100,micro,,2.5776855,2.570861,2.562425,2.632116,,,3,0.593594908476175,100,224,GaussianBlur,True,10,"{""c_contiguous"": true, ""container"": ""torch.Tensor"", ""dtype"": ""uint8"", ""finite"": true, ""max"": 224.0, ""min"": 32.0, ""shape"": [3, 224, 224]}"
torchvision,1,,,,26312.32732535193,100,micro,,0.0383205,0.038005,0.03789,0.05458,,,3,1.1327456913564014,100,224,Grayscale,True,10,"{""c_contiguous"": true, ""container"": ""torch.Tensor"", ""dtype"": ""uint8"", ""finite"": true, ""max"": 110.0, ""min"": 110.0, ""shape"": [3, 224, 224]}"
torchvision,1,,,,130548.30287206266,100,micro,,0.00769,0.00766,0.00763,0.00814,,,3,0.783289817232378,100,224,Invert,True,10,"{""c_contiguous"": true, ""container"": ""torch.Tensor"", ""dtype"": ""uint8"", ""finite"": true, ""max"": 223.0, ""min"": 31.0, ""shape"": [3, 224, 224]}"
torchvision,1,,,,6859.133965745485,100,micro,,0.147266,0.145791,0.140546,0.571623,,,3,4.609338024980969,100,224,Solarize,True,10,"{""c_contiguous"": true, ""container"": ""torch.Tensor"", ""dtype"": ""uint8"", ""finite"": true, ""max"": 127.0, ""min"": 31.0, ""shape"": [3, 224, 224]}"
torchvision,1,,,,111482.72017837234,100,micro,,0.00897,0.00897,0.008945,0.00974,,,3,0.2787068004459388,100,224,Posterize,True,10,"{""c_contiguous"": true, ""container"": ""torch.Tensor"", ""dtype"": ""uint8"", ""finite"": true, ""max"": 224.0, ""min"": 32.0, ""shape"": [3, 224, 224]}"
torchvision,1,,,,22192.385792434616,100,micro,,0.0451155,0.0450605,0.044910500000000006,0.07087,,,3,0.4549439087449026,100,224,Normalize,True,10,"{""c_contiguous"": true, ""container"": ""torch.Tensor"", ""dtype"": ""float32"", ""finite"": true, ""max"": 2.0996954441070557, ""min"": -1.5699118375778198, ""shape"": [3, 224, 224]}"
torchvision,1,,,,11739.155954686856,100,resize_policy,,0.085896,0.08518500000000001,0.0822955,0.116621,,antialias,3,4.22668310148501,100,224,Resize,True,10,"{""c_contiguous"": true, ""container"": ""torch.Tensor"", ""dtype"": ""uint8"", ""finite"": true, ""max"": 224.0, ""min"": 32.0, ""shape"": [3, 168, 168]}"
torchvision,1,,,,2805.9384882164613,50,micro,,0.358387,0.356387,0.34381249999999997,0.400883,,,3,4.089515049651094,50,512,Resize,True,10,"{""c_contiguous"": true, ""container"": ""torch.Tensor"", ""dtype"": ""uint8"", ""finite"": true, ""max"": 255.0, ""min"": 0.0, ""shape"": [3, 384, 384]}"
torchvision,1,,,,54704.59518599562,50,micro,,0.019855,0.01828,0.01778,0.02678,,,3,11.351203501094094,50,512,RandomCrop,True,10,"{""c_contiguous"": true, ""container"": ""torch.Tensor"", ""dtype"": ""uint8"", ""finite"": true, ""max"": 234.0, ""min"": 42.0, ""shape"": [3, 384, 384]}"
torchvision,1,,,,72020.16564638099,50,micro,,0.014155500000000001,0.013885,0.01383,0.01467,,,3,2.3442563917897097,50,512,CenterCrop,True,10,"{""c_contiguous"": true, ""container"": ""torch.Tensor"", ""dtype"": ""uint8"", ""finite"": true, ""max"": 223.0, ""min"": 31.0, ""shape"": [3, 384, 384]}"
torchvision,1,,,,53433.07507347047,50,micro,,0.01894,0.018715000000000002,0.01766,0.02338,,,3,6.839433609404219,50,512,HorizontalFlip,True,10,"{""c_contiguous"": true, ""container"": ""torch.Tensor"", ""dtype"": ""uint8"", ""finite"": true, ""max"": 255.0, ""min"": 0.0, ""shape"": [3, 512, 512]}"
torchvision,1,,,,56945.98673158509,50,micro,,0.0179155,0.0175605,0.017349999999999997,0.02465,,,3,3.2202955496711567,50,512,VerticalFlip,True,10,"{""c_contiguous"": true, ""container"": ""torch.Tensor"", ""dtype"": ""uint8"", ""finite"": true, ""max"": 255.0, ""min"": 0.0, ""shape"": [3, 512, 512]}"
torchvision,1,,,,890.8078870348702,50,micro,,1.149837,1.1225765,1.1088209999999998,1.187677,,,3,3.653737629462238,50,512,ColorJitter,True,10,"{""c_contiguous"": true, ""container"": ""torch.Tensor"", ""dtype"": ""uint8"", ""finite"": true, ""max"": 236.0, ""min"": 22.0, ""shape"": [3, 512, 512]}"
torchvision,1,,,,214.40786550966465,50,micro,,5.143079999999999,4.664008,4.514717,5.696125,,,3,13.472596959524926,50,512,Affine,True,10,"{""c_contiguous"": true, ""container"": ""torch.Tensor"", ""dtype"": ""uint8"", ""finite"": true, ""max"": 255.0, ""min"": 0.0, ""shape"": [3, 512, 512]}"
torchvision,1,,,,67.94192297247544,50,micro,,14.736448,14.718453,14.6445725,15.186541,,,3,0.6242198144057577,50,512,GaussianBlur,True,10,"{""c_contiguous"": true, ""container"": ""torch.Tensor"", ""dtype"": ""uint8"", ""finite"": true, ""max"": 254.0, ""min"": 0.0, ""shape"": [3, 512, 512]}"
torchvision,1,,,,6551.31976336633,50,micro,,0.15361550000000002,0.152641,0.1519905,0.204292,,,3,1.0645894615470388,50,512,Grayscale,True,10,"{""c_contiguous"": true, ""container"": ""torch.Tensor"", ""dtype"": ""uint8"", ""finite"": true, ""max"": 254.0, ""min"": 0.0, ""shape"": [3, 512, 512]}"
torchvision,1,,,,56322.16277105041,50,micro,,0.01778,0.017755,0.017515000000000003,0.024481,,,3,1.492537313432824,50,512,Invert,True,10,"{""c_contiguous"": true, ""container"": ""torch.Tensor"", ""dtype"": ""uint8"", ""finite"": true, ""max"": 255.0, ""min"": 0.0, ""shape"": [3, 512, 512]}"
torchvision,1,,,,1615.3418709535686,50,micro,,0.6230439999999999,0.6190640000000001,0.6119485,2.815407,,,3,1.7923025729165198,50,512,Solarize,True,10,"{""c_contiguous"": true, ""container"": ""torch.Tensor"", ""dtype"": ""uint8"", ""finite"": true, ""max"": 127.0, ""min"": 0.0, ""shape"": [3, 512, 512]}"
torchvision,1,,,,52854.122621564486,50,micro,,0.01901,0.01892,0.01854,0.0197,,,3,2.4841437632135213,50,512,Posterize,True,10,"{""c_contiguous"": true, ""container"": ""torch.Tensor"", ""dtype"": ""uint8"", ""finite"": true, ""max"": 240.0, ""min"": 0.0, ""shape"": [3, 512, 512]}"
torchvision,1,,,,5999.664018814947,50,micro,,0.166816,0.166676,0.166321,0.221711,,,3,0.29698336893133714,50,512,Normalize,True,10,"{""c_contiguous"": true, ""container"": ""torch.Tensor"", ""dtype"": ""float32"", ""finite"": true, ""max"": 2.640000104904175, ""min"": -2.1179039478302, ""shape"": [3, 512, 512]}"
torchvision,1,,,,2616.3456192563035,50,resize_policy,,0.3828025,0.3822125,0.382042,0.414473,,antialias,3,0.1989730843444412,50,512,Resize,True,10,"{""c_contiguous"": true, ""container"": ""torch.Tensor"", ""dtype"": ""uint8"", ""finite"": true, ""max"": 255.0, ""min"": 0.0, ""shape"": [3, 384, 384]}"
torchvision,1,,,,739.3204240594089,20,micro,,1.3740130000000002,1.3525935,1.331218,1.418809,,,3,3.1639217547622502,20,1024,Resize,True,10,"{""c_contiguous"": true, ""container"": ""torch.Tensor"", ""dtype"": ""uint8"", ""finite"": true, ""max"": 224.0, ""min"": 32.0, ""shape"": [3, 768, 768]}"
torchvision,1,,,,18446.610896413058,20,micro,,0.057675000000000004,0.054210499999999995,0.0530205,0.07797,,,3,8.58597504173547,20,1024,RandomCrop,True,10,"{""c_contiguous"": true, ""container"": ""torch.Tensor"", ""dtype"": ""uint8"", ""finite"": true, ""max"": 224.0, ""min"": 32.0, ""shape"": [3, 768, 768]}"
torchvision,1,,,,27001.485081679493,20,micro,,0.0379,0.037035,0.03494,0.057981,,,3,7.992439584177141,20,1024,CenterCrop,True,10,"{""c_contiguous"": true, ""container"": ""torch.Tensor"", ""dtype"": ""uint8"", ""finite"": true, ""max"": 224.0, ""min"": 32.0, ""shape"": [3, 768, 768]}"
torchvision,1,,,,12703.090661958055,20,micro,,0.0790855,0.078721,0.0738405,0.098591,,,3,6.662771052196999,20,1024,HorizontalFlip,True,10,"{""c_contiguous"": true, ""container"": ""torch.Tensor"", ""dtype"": ""uint8"", ""finite"": true, ""max"": 224.0, ""min"": 32.0, ""shape"": [3, 1024, 1024]}"
torchvision,1,,,,11070.396652312053,20,micro,,0.0922905,0.090331,0.08505099999999999,0.114281,,,3,8.014413656441322,20,1024,VerticalFlip,True,10,"{""c_contiguous"": true, ""container"": ""torch.Tensor"", ""dtype"": ""uint8"", ""finite"": true, ""max"": 224.0, ""min"": 32.0, ""shape"": [3, 1024, 1024]}"
torchvision,1,,,,144.90220984564147,20,micro,,6.927217000000001,6.901206,6.818791,7.208472,,,3,1.5711167004723605,20,1024,ColorJitter,True,10,"{""c_contiguous"": true, ""container"": ""torch.Tensor"", ""dtype"": ""uint8"", ""finite"": true, ""max"": 251.0, ""min"": 36.0, ""shape"": [3, 1024, 1024]}"
torchvision,1,,,,40.40575785281864,20,micro,,24.9760745,24.748948,24.571706499999998,32.501415,,,3,1.633879549142863,20,1024,Affine,True,10,"{""c_contiguous"": true, ""container"": ""torch.Tensor"", ""dtype"": ""uint8"", ""finite"": true, ""max"": 224.0, ""min"": 0.0, ""shape"": [3, 1024, 1024]}"
torchvision,1,,,,17.651760214111615,20,micro,,56.916574499999996,56.651574,56.0975605,57.376253,,,3,1.4457038740000336,20,1024,GaussianBlur,True,10,"{""c_contiguous"": true, ""container"": ""torch.Tensor"", ""dtype"": ""uint8"", ""finite"": true, ""max"": 224.0, ""min"": 32.0, ""shape"": [3, 1024, 1024]}"
torchvision,1,,,,1528.785502221325,20,micro,,0.6949995,0.6541140000000001,0.611299,0.759035,,,3,12.796011092867596,20,1024,Grayscale,True,10,"{""c_contiguous"": true, ""container"": ""torch.Tensor"", ""dtype"": ""uint8"", ""finite"": true, ""max"": 110.0, ""min"": 110.0, ""shape"": [3, 1024, 1024]}"
torchvision,1,,,,14228.596633514037,20,micro,,0.07045499999999999,0.070281,0.0615755,0.094651,,,3,12.634282380728779,20,1024,Invert,True,10,"{""c_contiguous"": true, ""container"": ""torch.Tensor"", ""dtype"": ""uint8"", ""finite"": true, ""max"": 223.0, ""min"": 31.0, ""shape"": [3, 1024, 1024]}"
torchvision,1,,,,430.02161503647983,20,micro,,2.383259,2.3254645,2.3252895000000002,11.112656,,,3,2.492813801285703,20,1024,Solarize,True,10,"{""c_contiguous"": true, ""container"": ""torch.Tensor"", ""dtype"": ""uint8"", ""finite"": true, ""max"": 127.0, ""min"": 31.0, ""shape"": [3, 1024, 1024]}"
torchvision,1,,,,14131.17974154072,20,micro,,0.07234550000000001,0.07076550000000001,0.06416,0.101311,,,3,11.567077177438174,20,1024,Posterize,True,10,"{""c_contiguous"": true, ""container"": ""torch.Tensor"", ""dtype"": ""uint8"", ""finite"": true, ""max"": 224.0, ""min"": 32.0, ""shape"": [3, 1024, 1024]}"
torchvision,1,,,,579.7637520686695,20,micro,,1.7391055,1.7248405,1.708705,1.848401,,,3,1.7625107944763618,20,1024,Normalize,True,10,"{""c_contiguous"": true, ""container"": ""torch.Tensor"", ""dtype"": ""float32"", ""finite"": true, ""max"": 2.0996954441070557, ""min"": -1.5699118375778198, ""shape"": [3, 1024, 1024]}"
torchvision,1,,,,694.9132696121029,20,resize_policy,,1.4536734999999998,1.4390285,1.4373040000000001,1.523929,,antialias,3,1.1375382766915112,20,1024,Resize,True,10,"{""c_contiguous"": true, ""container"": ""torch.Tensor"", ""dtype"": ""uint8"", ""finite"": true, ""max"": 224.0, ""min"": 32.0, ""shape"": [3, 768, 768]}"
torchvision,16,,,,699.0282676982926,1600,pipeline_memory,,1.432522,1.4305573125,1.42760853125,1.4616080625,classic,,3,0.3434653548702261,100,224,,True,160,"{""c_contiguous"": true, ""container"": ""torch.Tensor"", ""dtype"": ""float32"", ""finite"": true, ""max"": 1.9951202869415283, ""min"": -2.1179039478302, ""shape"": [3, 224, 224]}"
torchvision,16,,,,670.4562108811062,1600,pipeline_memory,,1.4994133437500001,1.49152171875,1.4912492187500002,1.5352473125,extended,,3,0.5473688312659689,100,224,,True,160,"{""c_contiguous"": true, ""container"": ""torch.Tensor"", ""dtype"": ""float32"", ""finite"": true, ""max"": 1.3676689863204956, ""min"": -2.1179039478302, ""shape"": [3, 224, 224]}"
torchvision,16,,,,7309.113368002894,1600,pipeline_memory,,0.13791896875,0.1368155,0.1338220625,0.1975305625,pixel_policy,,3,2.9944752239329637,100,224,,True,160,"{""c_contiguous"": true, ""container"": ""torch.Tensor"", ""dtype"": ""float32"", ""finite"": true, ""max"": 2.640000104904175, ""min"": -2.1179039478302, ""shape"": [3, 224, 224]}"
torchvision,16,,,,553.4096902659352,800,pipeline_memory,,1.8078245625,1.8069795625,1.80347646875,1.85764675,classic,,3,0.24062772154347503,50,512,,True,160,"{""c_contiguous"": true, ""container"": ""torch.Tensor"", ""dtype"": ""float32"", ""finite"": true, ""max"": 0.7402180433273315, ""min"": -2.1179039478302, ""shape"": [3, 224, 224]}"
torchvision,16,,,,534.094970564524,800,pipeline_memory,,1.87964215625,1.8723261875000001,1.8641049375,1.9461660625,extended,,3,0.8298350390935834,50,512,,True,160,"{""c_contiguous"": true, ""container"": ""torch.Tensor"", ""dtype"": ""float32"", ""finite"": true, ""max"": 0.7053596377372742, ""min"": -2.1179039478302, ""shape"": [3, 224, 224]}"
torchvision,16,,,,2072.4875848278884,800,pipeline_memory,,0.49065825,0.4825119375,0.4796088125,0.5446119375,pixel_policy,,3,2.2899822038081776,50,512,,True,160,"{""c_contiguous"": true, ""container"": ""torch.Tensor"", ""dtype"": ""float32"", ""finite"": true, ""max"": 2.0996954441070557, ""min"": -1.5699118375778198, ""shape"": [3, 224, 224]}"
torchvision,16,,,,391.7301025621634,320,pipeline_memory,,2.5962599375,2.55277803125,2.53435828125,2.5918868125,classic,,3,2.4248742151580407,20,1024,,True,160,"{""c_contiguous"": true, ""container"": ""torch.Tensor"", ""dtype"": ""float32"", ""finite"": true, ""max"": 1.3850982189178467, ""min"": -1.3130406141281128, ""shape"": [3, 224, 224]}"
torchvision,16,,,,381.0181337960418,320,pipeline_memory,,2.6250963125,2.6245469999999997,2.5909667499999998,2.6522565625,extended,,3,1.3003982211025535,20,1024,,True,160,"{""c_contiguous"": true, ""container"": ""torch.Tensor"", ""dtype"": ""float32"", ""finite"": true, ""max"": 1.1236603260040283, ""min"": -2.1179039478302, ""shape"": [3, 224, 224]}"
torchvision,16,,,,838.7599353735469,320,pipeline_memory,,1.1989284687500001,1.19223625,1.18542296875,1.2274248125,pixel_policy,,3,1.132787230718758,20,1024,,True,160,"{""c_contiguous"": true, ""container"": ""torch.Tensor"", ""dtype"": ""float32"", ""finite"": true, ""max"": 0.4090633690357208, ""min"": -1.998030662536621, ""shape"": [3, 224, 224]}"
torchvision,1,,,,4584.27501982699,100,io_jpeg,,0.226671,0.218137,0.21281650000000002,0.338512,,,3,6.351283826219299,100,224,,True,10,"{""c_contiguous"": true, ""container"": ""torch.Tensor"", ""dtype"": ""uint8"", ""finite"": true, ""max"": 223.0, ""min"": 31.0, ""shape"": [3, 224, 224]}"
torchvision,1,,,,1948.4707427375624,50,io_jpeg,,0.521298,0.513223,0.511003,1.518229,,,3,2.005950629648331,50,512,,True,10,"{""c_contiguous"": true, ""container"": ""torch.Tensor"", ""dtype"": ""uint8"", ""finite"": true, ""max"": 255.0, ""min"": 0.0, ""shape"": [3, 512, 512]}"
torchvision,1,,,,602.3368864182369,20,io_jpeg,,1.684725,1.6602005,1.64695,5.677525,,,3,2.2753275884448967,20,1024,,True,10,"{""c_contiguous"": true, ""container"": ""torch.Tensor"", ""dtype"": ""uint8"", ""finite"": true, ""max"": 223.0, ""min"": 31.0, ""shape"": [3, 1024, 1024]}"
albumentations,100,100000,,,1248439.4506866417,100000,boundary,,0.0008143549999999999,0.000801,0.0008004049999999999,0.0009655,,,3,1.7415730337078636,,,,True,10,{}
albumentations,,,120,[],,,correctness,['ToGray collapses singleton spatial axes in Albumentations 2.0.8'],,,,,,,3,,,,,True,,{}
albumentations,1,,,,32362.459546925566,100,micro,,0.030905000000000002,0.0309,0.03058,0.0388,,,3,1.0517799352750885,100,224,Resize,True,10,"{""c_contiguous"": true, ""container"": ""numpy.ndarray"", ""dtype"": ""uint8"", ""finite"": true, ""max"": 224.0, ""min"": 32.0, ""shape"": [168, 168, 3]}"
albumentations,1,,,,196463.65422396857,100,micro,,0.005305,0.00509,0.00502,0.00595,,,3,5.5992141453830975,100,224,RandomCrop,True,10,"{""c_contiguous"": true, ""container"": ""numpy.ndarray"", ""dtype"": ""uint8"", ""finite"": true, ""max"": 224.0, ""min"": 32.0, ""shape"": [168, 168, 3]}"
albumentations,1,,,,206611.5702479339,100,micro,,0.005045,0.00484,0.0046949999999999995,0.00545,,,3,7.231404958677697,100,224,CenterCrop,True,10,"{""c_contiguous"": true, ""container"": ""numpy.ndarray"", ""dtype"": ""uint8"", ""finite"": true, ""max"": 224.0, ""min"": 32.0, ""shape"": [168, 168, 3]}"
albumentations,1,,,,169204.7377326565,100,micro,,0.00595,0.00591,0.0059050000000000005,0.007081,,,3,0.7614213197969526,100,224,HorizontalFlip,True,10,"{""c_contiguous"": true, ""container"": ""numpy.ndarray"", ""dtype"": ""uint8"", ""finite"": true, ""max"": 224.0, ""min"": 32.0, ""shape"": [224, 224, 3]}"
albumentations,1,,,,207039.33747412008,100,micro,,0.00483,0.00483,0.00482,0.00542,,,3,0.2070393374741296,100,224,VerticalFlip,True,10,"{""c_contiguous"": true, ""container"": ""numpy.ndarray"", ""dtype"": ""uint8"", ""finite"": true, ""max"": 224.0, ""min"": 32.0, ""shape"": [224, 224, 3]}"
albumentations,1,,,,15386.98261270965,100,micro,,0.06535099999999999,0.06498999999999999,0.0649105,0.111991,,,3,0.6777965840898545,100,224,ColorJitter,True,10,"{""c_contiguous"": true, ""container"": ""numpy.ndarray"", ""dtype"": ""uint8"", ""finite"": true, ""max"": 184.0, ""min"": 25.0, ""shape"": [224, 224, 3]}"
albumentations,1,,,,6138.132534557686,100,micro,,0.16495100000000001,0.162916,0.162551,0.215152,,,3,1.4731518082938528,100,224,Affine,True,10,"{""c_contiguous"": true, ""container"": ""numpy.ndarray"", ""dtype"": ""uint8"", ""finite"": true, ""max"": 224.0, ""min"": 0.0, ""shape"": [224, 224, 3]}"
albumentations,1,,,,23946.360153256705,100,micro,,0.042165499999999995,0.04176,0.041725,0.0638,,,3,1.0548371647509496,100,224,GaussianBlur,True,10,"{""c_contiguous"": true, ""container"": ""numpy.ndarray"", ""dtype"": ""uint8"", ""finite"": true, ""max"": 224.0, ""min"": 32.0, ""shape"": [224, 224, 3]}"
albumentations,1,,,,71428.57142857142,100,micro,,0.014025,0.014,0.0139505,0.01696,,,3,0.5321428571428566,100,224,Grayscale,True,10,"{""c_contiguous"": true, ""container"": ""numpy.ndarray"", ""dtype"": ""uint8"", ""finite"": true, ""max"": 110.0, ""min"": 110.0, ""shape"": [224, 224, 3]}"
albumentations,1,,,,216216.2162162162,100,micro,,0.00465,0.004625,0.004575,0.00502,,,3,1.621621621621612,100,224,Invert,True,10,"{""c_contiguous"": true, ""container"": ""numpy.ndarray"", ""dtype"": ""uint8"", ""finite"": true, ""max"": 223.0, ""min"": 31.0, ""shape"": [224, 224, 3]}"
albumentations,1,,,,59152.34686936204,100,micro,,0.017025,0.0169055,0.016884999999999997,0.02424,,,3,0.8281328561710759,100,224,Solarize,True,10,"{""c_contiguous"": true, ""container"": ""numpy.ndarray"", ""dtype"": ""uint8"", ""finite"": true, ""max"": 127.0, ""min"": 31.0, ""shape"": [224, 224, 3]}"
albumentations,1,,,,122918.07510294388,100,micro,,0.008210499999999999,0.0081355,0.0081055,0.01256,,,3,1.2906397885809007,100,224,Posterize,True,10,"{""c_contiguous"": true, ""container"": ""numpy.ndarray"", ""dtype"": ""uint8"", ""finite"": true, ""max"": 224.0, ""min"": 32.0, ""shape"": [224, 224, 3]}"
albumentations,1,,,,11775.719643666722,100,micro,,0.08493049999999999,0.08492050000000001,0.08442050000000001,0.10873,,,3,0.6005617018269824,100,224,Normalize,True,10,"{""c_contiguous"": true, ""container"": ""numpy.ndarray"", ""dtype"": ""float32"", ""finite"": true, ""max"": 2.0996949672698975, ""min"": -1.5699118375778198, ""shape"": [224, 224, 3]}"
albumentations,1,,,,7707.6637300467855,50,micro,,0.131191,0.129741,0.129356,0.15192,,,3,1.4143562944635877,50,512,Resize,True,10,"{""c_contiguous"": true, ""container"": ""numpy.ndarray"", ""dtype"": ""uint8"", ""finite"": true, ""max"": 255.0, ""min"": 0.0, ""shape"": [384, 384, 3]}"
albumentations,1,,,,87070.091423596,50,micro,,0.011515000000000001,0.011485,0.0110855,0.01435,,,3,3.7396604266434568,50,512,RandomCrop,True,10,"{""c_contiguous"": true, ""container"": ""numpy.ndarray"", ""dtype"": ""uint8"", ""finite"": true, ""max"": 224.0, ""min"": 23.0, ""shape"": [384, 384, 3]}"
albumentations,1,,,,91743.11926605504,50,micro,,0.011095,0.0109,0.010725,0.01163,,,3,3.3944954128440417,50,512,CenterCrop,True,10,"{""c_contiguous"": true, ""container"": ""numpy.ndarray"", ""dtype"": ""uint8"", ""finite"": true, ""max"": 223.0, ""min"": 31.0, ""shape"": [384, 384, 3]}"
albumentations,1,,,,53995.68034557235,50,micro,,0.018795,0.018520000000000002,0.018485500000000002,0.023531,,,3,1.6711663066954496,50,512,HorizontalFlip,True,10,"{""c_contiguous"": true, ""container"": ""numpy.ndarray"", ""dtype"": ""uint8"", ""finite"": true, ""max"": 255.0, ""min"": 0.0, ""shape"": [512, 512, 3]}"
albumentations,1,,,,70222.25343211264,50,micro,,0.0148705,0.0142405,0.014095,0.01576,,,3,5.445735753660337,50,512,VerticalFlip,True,10,"{""c_contiguous"": true, ""container"": ""numpy.ndarray"", ""dtype"": ""uint8"", ""finite"": true, ""max"": 255.0, ""min"": 0.0, ""shape"": [512, 512, 3]}"
albumentations,1,,,,3721.047921515658,50,micro,,0.27092700000000003,0.26874149999999997,0.26577700000000004,0.328172,,,3,1.9163396795805592,50,512,ColorJitter,True,10,"{""c_contiguous"": true, ""container"": ""numpy.ndarray"", ""dtype"": ""uint8"", ""finite"": true, ""max"": 255.0, ""min"": 0.0, ""shape"": [512, 512, 3]}"
albumentations,1,,,,1413.2897286342393,50,micro,,0.715679,0.707569,0.707024,0.752125,,,3,1.2232022601329295,50,512,Affine,True,10,"{""c_contiguous"": true, ""container"": ""numpy.ndarray"", ""dtype"": ""uint8"", ""finite"": true, ""max"": 255.0, ""min"": 0.0, ""shape"": [512, 512, 3]}"
albumentations,1,,,,5381.667886511387,50,micro,,0.1872115,0.185816,0.180481,0.220651,,,3,3.6221315710164896,50,512,GaussianBlur,True,10,"{""c_contiguous"": true, ""container"": ""numpy.ndarray"", ""dtype"": ""uint8"", ""finite"": true, ""max"": 254.0, ""min"": 0.0, ""shape"": [512, 512, 3]}"
albumentations,1,,,,14877.52080993223,50,micro,,0.0681805,0.06721550000000001,0.050265500000000005,0.077871,,,3,26.65307853099359,50,512,Grayscale,True,10,"{""c_contiguous"": true, ""container"": ""numpy.ndarray"", ""dtype"": ""uint8"", ""finite"": true, ""max"": 255.0, ""min"": 0.0, ""shape"": [512, 512, 3]}"
albumentations,1,,,,71630.6722538591,50,micro,,0.01399,0.0139605,0.01392,0.01706,,,3,0.5014147057770181,50,512,Invert,True,10,"{""c_contiguous"": true, ""container"": ""numpy.ndarray"", ""dtype"": ""uint8"", ""finite"": true, ""max"": 255.0, ""min"": 0.0, ""shape"": [512, 512, 3]}"
albumentations,1,,,,30998.140111593308,50,micro,,0.032295500000000005,0.03226,0.03218,0.0436,,,3,0.3580285182889166,50,512,Solarize,True,10,"{""c_contiguous"": true, ""container"": ""numpy.ndarray"", ""dtype"": ""uint8"", ""finite"": true, ""max"": 127.0, ""min"": 0.0, ""shape"": [512, 512, 3]}"
albumentations,1,,,,42149.63119072708,50,micro,,0.02378,0.023725,0.0234455,0.04364,,,3,1.4099051633298123,50,512,Posterize,True,10,"{""c_contiguous"": true, ""container"": ""numpy.ndarray"", ""dtype"": ""uint8"", ""finite"": true, ""max"": 240.0, ""min"": 0.0, ""shape"": [512, 512, 3]}"
albumentations,1,,,,2516.501961613279,50,micro,,0.40452750000000004,0.397377,0.3915925,0.446543,,,3,3.255095287346784,50,512,Normalize,True,10,"{""c_contiguous"": true, ""container"": ""numpy.ndarray"", ""dtype"": ""float32"", ""finite"": true, ""max"": 2.6399998664855957, ""min"": -2.1179039478302, ""shape"": [512, 512, 3]}"
albumentations,1,,,,1659.2181598109155,20,micro,,0.6090885,0.6026935,0.599953,0.652894,,,3,1.5157787498952742,20,1024,Resize,True,10,"{""c_contiguous"": true, ""container"": ""numpy.ndarray"", ""dtype"": ""uint8"", ""finite"": true, ""max"": 224.0, ""min"": 32.0, ""shape"": [768, 768, 3]}"
albumentations,1,,,,16490.765171503957,20,micro,,0.06124,0.06064,0.06042,0.078201,,,3,1.3522427440633267,20,1024,RandomCrop,True,10,"{""c_contiguous"": true, ""container"": ""numpy.ndarray"", ""dtype"": ""uint8"", ""finite"": true, ""max"": 224.0, ""min"": 32.0, ""shape"": [768, 768, 3]}"
albumentations,1,,,,20531.56214390572,20,micro,,0.0515555,0.0487055,0.042980000000000004,0.06123,,,3,17.606841116506335,20,1024,CenterCrop,True,10,"{""c_contiguous"": true, ""container"": ""numpy.ndarray"", ""dtype"": ""uint8"", ""finite"": true, ""max"": 224.0, ""min"": 32.0, ""shape"": [768, 768, 3]}"
albumentations,1,,,,12346.441138341874,20,micro,,0.09082499999999999,0.080995,0.078266,0.100101,,,3,15.505895425643542,20,1024,HorizontalFlip,True,10,"{""c_contiguous"": true, ""container"": ""numpy.ndarray"", ""dtype"": ""uint8"", ""finite"": true, ""max"": 224.0, ""min"": 32.0, ""shape"": [1024, 1024, 3]}"
albumentations,1,,,,15776.478847685985,20,micro,,0.06763,0.0633855,0.06282499999999999,0.080591,,,3,7.580598086313121,20,1024,VerticalFlip,True,10,"{""c_contiguous"": true, ""container"": ""numpy.ndarray"", ""dtype"": ""uint8"", ""finite"": true, ""max"": 224.0, ""min"": 32.0, ""shape"": [1024, 1024, 3]}"
albumentations,1,,,,955.2914068672079,20,micro,,1.0610065,1.0468009999999999,1.039836,1.108766,,,3,2.0223996729082208,20,1024,ColorJitter,True,10,"{""c_contiguous"": true, ""container"": ""numpy.ndarray"", ""dtype"": ""uint8"", ""finite"": true, ""max"": 239.0, ""min"": 41.0, ""shape"": [1024, 1024, 3]}"
albumentations,1,,,,323.83482610393673,20,micro,,3.1150434999999996,3.087994,3.0113079999999997,5.364223,,,3,3.359316760330492,20,1024,Affine,True,10,"{""c_contiguous"": true, ""container"": ""numpy.ndarray"", ""dtype"": ""uint8"", ""finite"": true, ""max"": 224.0, ""min"": 0.0, ""shape"": [1024, 1024, 3]}"
albumentations,1,,,,1132.8235627301046,20,micro,,0.9102950000000001,0.88275,0.868455,0.920475,,,3,4.73973378646277,20,1024,GaussianBlur,True,10,"{""c_contiguous"": true, ""container"": ""numpy.ndarray"", ""dtype"": ""uint8"", ""finite"": true, ""max"": 224.0, ""min"": 32.0, ""shape"": [1024, 1024, 3]}"
albumentations,1,,,,4461.865550605364,20,micro,,0.26691200000000004,0.2241215,0.22239150000000002,0.287632,,,3,19.864448524572616,20,1024,Grayscale,True,10,"{""c_contiguous"": true, ""container"": ""numpy.ndarray"", ""dtype"": ""uint8"", ""finite"": true, ""max"": 110.0, ""min"": 110.0, ""shape"": [1024, 1024, 3]}"
albumentations,1,,,,15185.913546594178,20,micro,,0.067775,0.0658505,0.0646555,0.073421,,,3,4.7372457308600495,20,1024,Invert,True,10,"{""c_contiguous"": true, ""container"": ""numpy.ndarray"", ""dtype"": ""uint8"", ""finite"": true, ""max"": 223.0, ""min"": 31.0, ""shape"": [1024, 1024, 3]}"
albumentations,1,,,,9233.141437877117,20,micro,,0.115856,0.1083055,0.1075955,0.15274,,,3,7.627036484758396,20,1024,Solarize,True,10,"{""c_contiguous"": true, ""container"": ""numpy.ndarray"", ""dtype"": ""uint8"", ""finite"": true, ""max"": 127.0, ""min"": 31.0, ""shape"": [1024, 1024, 3]}"
albumentations,1,,,,9945.74595581105,20,micro,,0.1007855,0.10054550000000001,0.0976005,0.129281,,,3,3.1677200869258124,20,1024,Posterize,True,10,"{""c_contiguous"": true, ""container"": ""numpy.ndarray"", ""dtype"": ""uint8"", ""finite"": true, ""max"": 224.0, ""min"": 32.0, ""shape"": [1024, 1024, 3]}"
albumentations,1,,,,595.1902674487467,20,micro,,1.6902050000000002,1.680135,1.6762394999999999,1.736791,,,3,0.8312129680055649,20,1024,Normalize,True,10,"{""c_contiguous"": true, ""container"": ""numpy.ndarray"", ""dtype"": ""float32"", ""finite"": true, ""max"": 2.0996949672698975, ""min"": -1.5699118375778198, ""shape"": [1024, 1024, 3]}"
albumentations,16,,,,2414.13251278981,1600,pipeline_memory,,0.4211121875,0.41422746875,0.41312153124999995,0.4308025625,classic,,3,1.9290503051652248,100,224,,True,160,"{""c_contiguous"": true, ""container"": ""numpy.ndarray"", ""dtype"": ""float32"", ""finite"": true, ""max"": 2.2565577030181885, ""min"": -2.1179039478302, ""shape"": [224, 224, 3]}"
albumentations,16,,,,2322.8899829216775,1600,pipeline_memory,,0.431852875,0.43049821875,0.42353375000000004,0.446147625,extended,,3,1.9324412129173258,100,224,,True,160,"{""c_contiguous"": true, ""container"": ""numpy.ndarray"", ""dtype"": ""float32"", ""finite"": true, ""max"": 2.2565577030181885, ""min"": -2.1179039478302, ""shape"": [224, 224, 3]}"
albumentations,16,,,,9746.766814695688,1600,pipeline_memory,,0.1038140625,0.102598125,0.099448125,0.1109725625,pixel_policy,,3,4.255377474003545,100,224,,True,160,"{""c_contiguous"": true, ""container"": ""numpy.ndarray"", ""dtype"": ""float32"", ""finite"": true, ""max"": 2.6399998664855957, ""min"": -2.1179039478302, ""shape"": [224, 224, 3]}"
albumentations,16,,,,2140.2949995351546,800,pipeline_memory,,0.469076875,0.4672253125,0.462238375,0.484825375,classic,,3,1.463640735432121,50,512,,True,160,"{""c_contiguous"": true, ""container"": ""numpy.ndarray"", ""dtype"": ""float32"", ""finite"": true, ""max"": 0.8099346160888672, ""min"": -1.5527870655059814, ""shape"": [224, 224, 3]}"
albumentations,16,,,,2078.7830180577384,800,pipeline_memory,,0.48996887499999997,0.4810506875,0.4772606875,0.5016355,extended,,3,2.6417564365293558,50,512,,True,160,"{""c_contiguous"": true, ""container"": ""numpy.ndarray"", ""dtype"": ""float32"", ""finite"": true, ""max"": 0.7053594589233398, ""min"": -1.7556021213531494, ""shape"": [224, 224, 3]}"
albumentations,16,,,,6574.461217766906,800,pipeline_memory,,0.15377375,0.15210371875,0.14973903125,0.16163975,pixel_policy,,3,2.6526101946471963,50,512,,True,160,"{""c_contiguous"": true, ""container"": ""numpy.ndarray"", ""dtype"": ""float32"", ""finite"": true, ""max"": 2.3785619735717773, ""min"": -2.1179039478302, ""shape"": [224, 224, 3]}"
albumentations,16,,,,1774.8662083666306,320,pipeline_memory,,0.56895309375,0.56342275,0.5578308437499999,0.575819,classic,,3,1.9740505686005956,20,1024,,True,160,"{""c_contiguous"": true, ""container"": ""numpy.ndarray"", ""dtype"": ""float32"", ""finite"": true, ""max"": 1.350239634513855, ""min"": -2.1179039478302, ""shape"": [224, 224, 3]}"
albumentations,16,,,,1703.5655413835466,320,pipeline_memory,,0.59517759375,0.587004125,0.58107034375,0.601444875,extended,,3,2.4032624983683064,20,1024,,True,160,"{""c_contiguous"": true, ""container"": ""numpy.ndarray"", ""dtype"": ""float32"", ""finite"": true, ""max"": 1.350239634513855, ""min"": -2.1179039478302, ""shape"": [224, 224, 3]}"
albumentations,16,,,,4104.760149243948,320,pipeline_memory,,0.2604403125,0.24361959375,0.23085765625,0.257039625,pixel_policy,,3,12.142970848378244,20,1024,,True,160,"{""c_contiguous"": true, ""container"": ""numpy.ndarray"", ""dtype"": ""float32"", ""finite"": true, ""max"": 2.517995595932007, ""min"": -1.9481791257858276, ""shape"": [224, 224, 3]}"
albumentations,1,,,,5221.236858799481,100,io_jpeg,,0.1955615,0.19152550000000002,0.181086,0.311071,,,3,7.55800141495519,100,224,,True,10,"{""c_contiguous"": true, ""container"": ""numpy.ndarray"", ""dtype"": ""uint8"", ""finite"": true, ""max"": 223.0, ""min"": 31.0, ""shape"": [224, 224, 3]}"
albumentations,1,,,,2651.69695346537,50,io_jpeg,,0.37985250000000004,0.37711700000000004,0.3642475,1.412509,,,3,4.137973095882719,50,512,,True,10,"{""c_contiguous"": true, ""container"": ""numpy.ndarray"", ""dtype"": ""uint8"", ""finite"": true, ""max"": 255.0, ""min"": 0.0, ""shape"": [512, 512, 3]}"
albumentations,1,,,,883.0907115194327,20,io_jpeg,,1.1336965,1.1323865,1.126652,5.432573,,,3,0.622093251729875,20,1024,,True,10,"{""c_contiguous"": true, ""container"": ""numpy.ndarray"", ""dtype"": ""uint8"", ""finite"": true, ""max"": 223.0, ""min"": 31.0, ""shape"": [1024, 1024, 3]}"
albumentationsx,100,100000,,,652013.744449733,100000,boundary,,0.00154801,0.00153371,0.00150051,0.00176951,,,3,3.097065286136233,,,,True,10,{}
albumentationsx,,,123,[],,,correctness,[],,,,,,,3,,,,,True,,{}
albumentationsx,1,,,,32813.24342504635,100,micro,,0.0306255,0.030475500000000003,0.030355,0.036831,,,3,0.8875982346475033,100,224,Resize,True,10,"{""c_contiguous"": true, ""container"": ""numpy.ndarray"", ""dtype"": ""uint8"", ""finite"": true, ""max"": 224.0, ""min"": 32.0, ""shape"": [168, 168, 3]}"
albumentationsx,1,,,,136602.69107301414,100,micro,,0.00733,0.007320500000000001,0.00728,0.011631,,,3,0.6830134553650665,100,224,RandomCrop,True,10,"{""c_contiguous"": true, ""container"": ""numpy.ndarray"", ""dtype"": ""uint8"", ""finite"": true, ""max"": 224.0, ""min"": 32.0, ""shape"": [168, 168, 3]}"
albumentationsx,1,,,,160384.92381716118,100,micro,,0.006405,0.006235,0.006225,0.00966,,,3,2.886928628708909,100,224,CenterCrop,True,10,"{""c_contiguous"": true, ""container"": ""numpy.ndarray"", ""dtype"": ""uint8"", ""finite"": true, ""max"": 224.0, ""min"": 32.0, ""shape"": [168, 168, 3]}"
albumentationsx,1,,,,137931.0344827586,100,micro,,0.007305,0.00725,0.00718,0.00818,,,3,1.7241379310344842,100,224,HorizontalFlip,True,10,"{""c_contiguous"": true, ""container"": ""numpy.ndarray"", ""dtype"": ""uint8"", ""finite"": true, ""max"": 224.0, ""min"": 32.0, ""shape"": [224, 224, 3]}"
albumentationsx,1,,,,158478.60538827258,100,micro,,0.00635,0.00631,0.006255,0.00666,,,3,1.5055467511885834,100,224,VerticalFlip,True,10,"{""c_contiguous"": true, ""container"": ""numpy.ndarray"", ""dtype"": ""uint8"", ""finite"": true, ""max"": 224.0, ""min"": 32.0, ""shape"": [224, 224, 3]}"
albumentationsx,1,,,,4676.677875104641,100,micro,,0.21663149999999998,0.213827,0.21299099999999999,0.261321,,,3,1.7025445804318404,100,224,ColorJitter,True,10,"{""c_contiguous"": true, ""container"": ""numpy.ndarray"", ""dtype"": ""uint8"", ""finite"": true, ""max"": 185.0, ""min"": 25.0, ""shape"": [224, 224, 3]}"
albumentationsx,1,,,,6505.503656093054,100,micro,,0.15382099999999999,0.15371600000000002,0.153376,0.193411,,,3,0.28949491269612343,100,224,Affine,True,10,"{""c_contiguous"": true, ""container"": ""numpy.ndarray"", ""dtype"": ""uint8"", ""finite"": true, ""max"": 224.0, ""min"": 0.0, ""shape"": [224, 224, 3]}"
albumentationsx,1,,,,21523.89151958674,100,micro,,0.047075500000000006,0.04646,0.0460905,0.070521,,,3,2.1201033146793082,100,224,GaussianBlur,True,10,"{""c_contiguous"": true, ""container"": ""numpy.ndarray"", ""dtype"": ""uint8"", ""finite"": true, ""max"": 224.0, ""min"": 32.0, ""shape"": [224, 224, 3]}"
albumentationsx,1,,,,73046.01899196493,100,micro,,0.013815500000000001,0.01369,0.013625,0.01477,,,3,1.3915266617969424,100,224,Grayscale,True,10,"{""c_contiguous"": true, ""container"": ""numpy.ndarray"", ""dtype"": ""uint8"", ""finite"": true, ""max"": 110.0, ""min"": 110.0, ""shape"": [224, 224, 3]}"
albumentationsx,1,,,,175746.9244288225,100,micro,,0.00575,0.00569,0.005685,0.00615,,,3,1.1423550087873455,100,224,Invert,True,10,"{""c_contiguous"": true, ""container"": ""numpy.ndarray"", ""dtype"": ""uint8"", ""finite"": true, ""max"": 223.0, ""min"": 31.0, ""shape"": [224, 224, 3]}"
albumentationsx,1,,,,104004.16016640665,100,micro,,0.009765,0.009615,0.00955,0.01475,,,3,2.236089443577742,100,224,Solarize,True,10,"{""c_contiguous"": true, ""container"": ""numpy.ndarray"", ""dtype"": ""uint8"", ""finite"": true, ""max"": 127.0, ""min"": 31.0, ""shape"": [224, 224, 3]}"
albumentationsx,1,,,,132004.4881525972,100,micro,,0.007655,0.0075755,0.0075604999999999995,0.00865,,,3,1.2474424130420545,100,224,Posterize,True,10,"{""c_contiguous"": true, ""container"": ""numpy.ndarray"", ""dtype"": ""uint8"", ""finite"": true, ""max"": 224.0, ""min"": 32.0, ""shape"": [224, 224, 3]}"
albumentationsx,1,,,,17742.765387413285,100,micro,,0.05645,0.056360999999999994,0.056085499999999996,0.082951,,,3,0.6467237983712207,100,224,Normalize,True,10,"{""c_contiguous"": true, ""container"": ""numpy.ndarray"", ""dtype"": ""float32"", ""finite"": true, ""max"": 2.0996949672698975, ""min"": -1.5699118375778198, ""shape"": [224, 224, 3]}"
albumentationsx,1,,,,7717.18075952493,50,micro,,0.1304955,0.129581,0.12840000000000001,0.150791,,,3,1.6171352281584277,50,512,Resize,True,10,"{""c_contiguous"": true, ""container"": ""numpy.ndarray"", ""dtype"": ""uint8"", ""finite"": true, ""max"": 255.0, ""min"": 0.0, ""shape"": [384, 384, 3]}"
albumentationsx,1,,,,72358.9001447178,50,micro,,0.013995,0.01382,0.013725000000000001,0.015321,,,3,1.9536903039073763,50,512,RandomCrop,True,10,"{""c_contiguous"": true, ""container"": ""numpy.ndarray"", ""dtype"": ""uint8"", ""finite"": true, ""max"": 224.0, ""min"": 23.0, ""shape"": [384, 384, 3]}"
albumentationsx,1,,,,80742.83407347598,50,micro,,0.0126,0.012385,0.012225,0.01346,,,3,3.027856277755352,50,512,CenterCrop,True,10,"{""c_contiguous"": true, ""container"": ""numpy.ndarray"", ""dtype"": ""uint8"", ""finite"": true, ""max"": 223.0, ""min"": 31.0, ""shape"": [384, 384, 3]}"
albumentationsx,1,,,,50150.451354062185,50,micro,,0.019965,0.01994,0.01987,0.025291,,,3,0.47642928786359745,50,512,HorizontalFlip,True,10,"{""c_contiguous"": true, ""container"": ""numpy.ndarray"", ""dtype"": ""uint8"", ""finite"": true, ""max"": 255.0, ""min"": 0.0, ""shape"": [512, 512, 3]}"
albumentationsx,1,,,,61557.40227762388,50,micro,,0.016634999999999997,0.016245000000000002,0.01596,0.0169,,,3,4.155124653739603,50,512,VerticalFlip,True,10,"{""c_contiguous"": true, ""container"": ""numpy.ndarray"", ""dtype"": ""uint8"", ""finite"": true, ""max"": 255.0, ""min"": 0.0, ""shape"": [512, 512, 3]}"
albumentationsx,1,,,,982.5199869128339,50,micro,,1.022736,1.017791,1.010726,1.065056,,,3,1.1800065042823211,50,512,ColorJitter,True,10,"{""c_contiguous"": true, ""container"": ""numpy.ndarray"", ""dtype"": ""uint8"", ""finite"": true, ""max"": 255.0, ""min"": 0.0, ""shape"": [512, 512, 3]}"
albumentationsx,1,,,,1448.8050256148729,50,micro,,0.6921245,0.690224,0.689894,0.730885,,,3,0.32315596096340093,50,512,Affine,True,10,"{""c_contiguous"": true, ""container"": ""numpy.ndarray"", ""dtype"": ""uint8"", ""finite"": true, ""max"": 255.0, ""min"": 0.0, ""shape"": [512, 512, 3]}"
albumentationsx,1,,,,5042.317650885053,50,micro,,0.201797,0.19832149999999998,0.1958615,0.243322,,,3,2.9928676416828286,50,512,GaussianBlur,True,10,"{""c_contiguous"": true, ""container"": ""numpy.ndarray"", ""dtype"": ""uint8"", ""finite"": true, ""max"": 254.0, ""min"": 0.0, ""shape"": [512, 512, 3]}"
albumentationsx,1,,,,19160.575200467516,50,micro,,0.0522255,0.0521905,0.051820500000000005,0.068191,,,3,0.7760032956189261,50,512,Grayscale,True,10,"{""c_contiguous"": true, ""container"": ""numpy.ndarray"", ""dtype"": ""uint8"", ""finite"": true, ""max"": 255.0, ""min"": 0.0, ""shape"": [512, 512, 3]}"
albumentationsx,1,,,,66115.70247933884,50,micro,,0.0152105,0.015125,0.0151155,0.02438,,,3,0.6280991735537164,50,512,Invert,True,10,"{""c_contiguous"": true, ""container"": ""numpy.ndarray"", ""dtype"": ""uint8"", ""finite"": true, ""max"": 255.0, ""min"": 0.0, ""shape"": [512, 512, 3]}"
albumentationsx,1,,,,48697.3459946433,50,micro,,0.020545,0.020534999999999998,0.01996,0.03151,,,3,2.8487947406866434,50,512,Solarize,True,10,"{""c_contiguous"": true, ""container"": ""numpy.ndarray"", ""dtype"": ""uint8"", ""finite"": true, ""max"": 127.0, ""min"": 0.0, ""shape"": [512, 512, 3]}"
albumentationsx,1,,,,57520.851308599376,50,micro,,0.01766,0.017384999999999998,0.017064999999999997,0.027121,,,3,3.4224906528616734,50,512,Posterize,True,10,"{""c_contiguous"": true, ""container"": ""numpy.ndarray"", ""dtype"": ""uint8"", ""finite"": true, ""max"": 240.0, ""min"": 0.0, ""shape"": [512, 512, 3]}"
albumentationsx,1,,,,3817.8576473597604,50,micro,,0.2620615,0.261927,0.26147600000000004,0.287952,,,3,0.2235355652528991,50,512,Normalize,True,10,"{""c_contiguous"": true, ""container"": ""numpy.ndarray"", ""dtype"": ""float32"", ""finite"": true, ""max"": 2.6399998664855957, ""min"": -2.1179039478302, ""shape"": [512, 512, 3]}"
albumentationsx,1,,,,1695.7530712207813,20,micro,,0.606549,0.5897085,0.5600080000000001,0.639714,,,3,7.892204368768628,20,1024,Resize,True,10,"{""c_contiguous"": true, ""container"": ""numpy.ndarray"", ""dtype"": ""uint8"", ""finite"": true, ""max"": 224.0, ""min"": 32.0, ""shape"": [768, 768, 3]}"
albumentationsx,1,,,,15191.681035464977,20,micro,,0.072405,0.06582550000000001,0.060731,0.0883,,,3,17.73476844080181,20,1024,RandomCrop,True,10,"{""c_contiguous"": true, ""container"": ""numpy.ndarray"", ""dtype"": ""uint8"", ""finite"": true, ""max"": 224.0, ""min"": 32.0, ""shape"": [768, 768, 3]}"
albumentationsx,1,,,,23992.32245681382,20,micro,,0.0439505,0.041679999999999995,0.040165,0.056351,,,3,9.082293666026882,20,1024,CenterCrop,True,10,"{""c_contiguous"": true, ""container"": ""numpy.ndarray"", ""dtype"": ""uint8"", ""finite"": true, ""max"": 224.0, ""min"": 32.0, ""shape"": [768, 768, 3]}"
albumentationsx,1,,,,11325.605495183787,20,micro,,0.088451,0.0882955,0.086576,0.10594,,,3,2.123551030346962,20,1024,HorizontalFlip,True,10,"{""c_contiguous"": true, ""container"": ""numpy.ndarray"", ""dtype"": ""uint8"", ""finite"": true, ""max"": 224.0, ""min"": 32.0, ""shape"": [1024, 1024, 3]}"
albumentationsx,1,,,,15086.141870078147,20,micro,,0.0667605,0.066286,0.06500500000000001,0.095631,,,3,2.6483722052922083,20,1024,VerticalFlip,True,10,"{""c_contiguous"": true, ""container"": ""numpy.ndarray"", ""dtype"": ""uint8"", ""finite"": true, ""max"": 224.0, ""min"": 32.0, ""shape"": [1024, 1024, 3]}"
albumentationsx,1,,,,224.21140085825886,20,micro,,4.476867,4.4600764999999996,4.4456169999999995,5.0395,,,3,0.7006606276820788,20,1024,ColorJitter,True,10,"{""c_contiguous"": true, ""container"": ""numpy.ndarray"", ""dtype"": ""uint8"", ""finite"": true, ""max"": 239.0, ""min"": 41.0, ""shape"": [1024, 1024, 3]}"
albumentationsx,1,,,,329.28765037949574,20,micro,,3.077359,3.0368585,2.9083370000000004,5.669954,,,3,5.5656857242442985,20,1024,Affine,True,10,"{""c_contiguous"": true, ""container"": ""numpy.ndarray"", ""dtype"": ""uint8"", ""finite"": true, ""max"": 224.0, ""min"": 0.0, ""shape"": [1024, 1024, 3]}"
albumentationsx,1,,,,1194.4006497539535,20,micro,,0.84013,0.83724,0.82711,0.862646,,,3,1.5551096459796512,20,1024,GaussianBlur,True,10,"{""c_contiguous"": true, ""container"": ""numpy.ndarray"", ""dtype"": ""uint8"", ""finite"": true, ""max"": 224.0, ""min"": 32.0, ""shape"": [1024, 1024, 3]}"
albumentationsx,1,,,,4694.3618367160125,20,micro,,0.2164665,0.21302149999999997,0.212181,0.235702,,,3,2.0117687651246463,20,1024,Grayscale,True,10,"{""c_contiguous"": true, ""container"": ""numpy.ndarray"", ""dtype"": ""uint8"", ""finite"": true, ""max"": 110.0, ""min"": 110.0, ""shape"": [1024, 1024, 3]}"
albumentationsx,1,,,,14953.047431066454,20,micro,,0.0722255,0.06687599999999999,0.06543550000000001,0.08437,,,3,10.153119205694107,20,1024,Invert,True,10,"{""c_contiguous"": true, ""container"": ""numpy.ndarray"", ""dtype"": ""uint8"", ""finite"": true, ""max"": 223.0, ""min"": 31.0, ""shape"": [1024, 1024, 3]}"
albumentationsx,1,,,,13757.80755578791,20,micro,,0.07494100000000001,0.072686,0.072435,0.101901,,,3,3.4477065734804615,20,1024,Solarize,True,10,"{""c_contiguous"": true, ""container"": ""numpy.ndarray"", ""dtype"": ""uint8"", ""finite"": true, ""max"": 127.0, ""min"": 31.0, ""shape"": [1024, 1024, 3]}"
albumentationsx,1,,,,13720.150098442078,20,micro,,0.0733255,0.07288549999999999,0.0691605,0.095351,,,3,5.714442516001129,20,1024,Posterize,True,10,"{""c_contiguous"": true, ""container"": ""numpy.ndarray"", ""dtype"": ""uint8"", ""finite"": true, ""max"": 224.0, ""min"": 32.0, ""shape"": [1024, 1024, 3]}"
albumentationsx,1,,,,961.3480406765583,20,micro,,1.040371,1.040206,1.0366665,1.065146,,,3,0.35613138166863095,20,1024,Normalize,True,10,"{""c_contiguous"": true, ""container"": ""numpy.ndarray"", ""dtype"": ""float32"", ""finite"": true, ""max"": 2.0996949672698975, ""min"": -1.5699118375778198, ""shape"": [1024, 1024, 3]}"
albumentationsx,16,,,,1900.0027371914432,1600,pipeline_memory,,0.52642003125,0.52631503125,0.52611440625,0.538777625,classic,,3,0.058068833655408936,100,224,,True,160,"{""c_contiguous"": true, ""container"": ""numpy.ndarray"", ""dtype"": ""float32"", ""finite"": true, ""max"": 2.0299782752990723, ""min"": -2.1179039478302, ""shape"": [224, 224, 3]}"
albumentationsx,16,,,,1868.3171536094749,1600,pipeline_memory,,0.53546571875,0.53524103125,0.53400915625,0.546231375,extended,,3,0.2721320704054368,100,224,,True,160,"{""c_contiguous"": true, ""container"": ""numpy.ndarray"", ""dtype"": ""float32"", ""finite"": true, ""max"": 1.3153812885284424, ""min"": -2.1179039478302, ""shape"": [224, 224, 3]}"
albumentationsx,16,,,,13253.898302838323,1600,pipeline_memory,,0.07630921875,0.0754495,0.07501734374999999,0.0831805,pixel_policy,,3,1.7122379869979412,100,224,,True,160,"{""c_contiguous"": true, ""container"": ""numpy.ndarray"", ""dtype"": ""float32"", ""finite"": true, ""max"": 0.4090631902217865, ""min"": -2.1179039478302, ""shape"": [224, 224, 3]}"
albumentationsx,16,,,,1785.400744634857,800,pipeline_memory,,0.5625801875,0.56009834375,0.557499875,0.569915875,classic,,3,0.9070393720477901,50,512,,True,160,"{""c_contiguous"": true, ""container"": ""numpy.ndarray"", ""dtype"": ""float32"", ""finite"": true, ""max"": 0.9145098328590393, ""min"": -2.1179039478302, ""shape"": [224, 224, 3]}"
albumentationsx,16,,,,1756.1210009077502,800,pipeline_memory,,0.57128059375,0.5694368437499999,0.56917525,0.586836625,extended,,3,0.3697238373504758,50,512,,True,160,"{""c_contiguous"": true, ""container"": ""numpy.ndarray"", ""dtype"": ""float32"", ""finite"": true, ""max"": 0.4090631902217865, ""min"": -2.1179039478302, ""shape"": [224, 224, 3]}"
albumentationsx,16,,,,9331.1300202573,800,pipeline_memory,,0.10815843750000001,0.10716815625000001,0.10638843749999999,0.1147213125,pixel_policy,,3,1.651610013585562,50,512,,True,160,"{""c_contiguous"": true, ""container"": ""numpy.ndarray"", ""dtype"": ""float32"", ""finite"": true, ""max"": 2.4831371307373047, ""min"": -1.946656346321106, ""shape"": [224, 224, 3]}"
albumentationsx,16,,,,1618.6674441665957,320,pipeline_memory,,0.62995003125,0.617792125,0.6151424375000001,0.6343281875,classic,,3,2.3968569929569687,20,1024,,True,160,"{""c_contiguous"": true, ""container"": ""numpy.ndarray"", ""dtype"": ""float32"", ""finite"": true, ""max"": 1.2630937099456787, ""min"": -1.0390444993972778, ""shape"": [224, 224, 3]}"
albumentationsx,16,,,,1574.4512225662945,320,pipeline_memory,,0.6366600625000001,0.6351419375,0.63285971875,0.647537,extended,,3,0.5983455863359748,20,1024,,True,160,"{""c_contiguous"": true, ""container"": ""numpy.ndarray"", ""dtype"": ""float32"", ""finite"": true, ""max"": 1.2456644773483276, ""min"": -2.1179039478302, ""shape"": [224, 224, 3]}"
albumentationsx,16,,,,6925.663391982161,320,pipeline_memory,,0.150050875,0.14439049999999998,0.14329084375,0.15603775,pixel_policy,,3,4.6817700956780355,20,1024,,True,160,"{""c_contiguous"": true, ""container"": ""numpy.ndarray"", ""dtype"": ""float32"", ""finite"": true, ""max"": 2.517995595932007, ""min"": -1.9481791257858276, ""shape"": [224, 224, 3]}"
albumentationsx,1,,,,5285.803389257133,100,io_jpeg,,0.1961465,0.189186,0.1802805,0.313042,,,3,8.386455657395363,100,224,,True,10,"{""c_contiguous"": true, ""container"": ""numpy.ndarray"", ""dtype"": ""uint8"", ""finite"": true, ""max"": 223.0, ""min"": 31.0, ""shape"": [224, 224, 3]}"
albumentationsx,1,,,,2710.3796699841714,50,io_jpeg,,0.3920225,0.368952,0.362262,1.417188,,,3,8.0662254168564,50,512,,True,10,"{""c_contiguous"": true, ""container"": ""numpy.ndarray"", ""dtype"": ""uint8"", ""finite"": true, ""max"": 255.0, ""min"": 0.0, ""shape"": [512, 512, 3]}"
albumentationsx,1,,,,891.2922088137212,20,io_jpeg,,1.198867,1.1219665,1.1142165,5.424273,,,3,7.544833112218587,20,1024,,True,10,"{""c_contiguous"": true, ""container"": ""numpy.ndarray"", ""dtype"": ""uint8"", ""finite"": true, ""max"": 223.0, ""min"": 31.0, ""shape"": [1024, 1024, 3]}"
rust,100,100000,,,72992700.72992702,100000,boundary,,1.42e-05,1.37e-05,1.35e-05,1.4e-05,,,3,5.109489051094891,,,,True,10,{}
rust,,,155,[],,,correctness,[],,,,,,,3,,,,,True,,{}
rust,1,,,,28830.491127416353,100,micro,,0.03476,0.0346855,0.03464,0.04082,,,3,0.34596589352900214,100,224,Resize,True,10,"{""c_contiguous"": true, ""container"": ""numpy.ndarray"", ""dtype"": ""uint8"", ""finite"": true, ""max"": 224.0, ""min"": 32.0, ""shape"": [168, 168, 3]}"
rust,1,,,,426348.3265828181,100,micro,,0.00236,0.0023455000000000004,0.00233,0.00247,,,3,1.2790449797484578,100,224,RandomCrop,True,10,"{""c_contiguous"": true, ""container"": ""numpy.ndarray"", ""dtype"": ""uint8"", ""finite"": true, ""max"": 224.0, ""min"": 32.0, ""shape"": [168, 168, 3]}"
rust,1,,,,432900.4329004329,100,micro,,0.00233,0.00231,0.00231,0.00243,,,3,0.865800865800868,100,224,CenterCrop,True,10,"{""c_contiguous"": true, ""container"": ""numpy.ndarray"", ""dtype"": ""uint8"", ""finite"": true, ""max"": 224.0, ""min"": 32.0, ""shape"": [168, 168, 3]}"
rust,1,,,,198019.80198019804,100,micro,,0.005175,0.00505,0.004745,0.00735,,,3,8.514851485148512,100,224,HorizontalFlip,True,10,"{""c_contiguous"": true, ""container"": ""numpy.ndarray"", ""dtype"": ""uint8"", ""finite"": true, ""max"": 224.0, ""min"": 32.0, ""shape"": [224, 224, 3]}"
rust,1,,,,310559.0062111801,100,micro,,0.00323,0.00322,0.00316,0.00336,,,3,2.1739130434782528,100,224,VerticalFlip,True,10,"{""c_contiguous"": true, ""container"": ""numpy.ndarray"", ""dtype"": ""uint8"", ""finite"": true, ""max"": 224.0, ""min"": 32.0, ""shape"": [224, 224, 3]}"
rust,1,,,,20586.72156459084,100,micro,,0.048575,0.048575,0.0485255,0.0526,,,3,0.10190427174472656,100,224,ColorJitter,True,10,"{""c_contiguous"": true, ""container"": ""numpy.ndarray"", ""dtype"": ""uint8"", ""finite"": true, ""max"": 238.0, ""min"": 28.0, ""shape"": [224, 224, 3]}"
rust,1,,,,6047.375136821862,100,micro,,0.165546,0.165361,0.163661,0.198191,,,3,1.1399302132909197,100,224,Affine,True,10,"{""c_contiguous"": true, ""container"": ""numpy.ndarray"", ""dtype"": ""uint8"", ""finite"": true, ""max"": 224.0, ""min"": 0.0, ""shape"": [224, 224, 3]}"
rust,1,,,,31254.395149317876,100,micro,,0.03201,0.031995499999999996,0.031924999999999995,0.03591,,,3,0.26566235876920735,100,224,GaussianBlur,True,10,"{""c_contiguous"": true, ""container"": ""numpy.ndarray"", ""dtype"": ""uint8"", ""finite"": true, ""max"": 224.0, ""min"": 32.0, ""shape"": [224, 224, 3]}"
rust,1,,,,101988.78123406426,100,micro,,0.00984,0.009805,0.0098,0.00997,,,3,0.4079551249362581,100,224,Grayscale,True,10,"{""c_contiguous"": true, ""container"": ""numpy.ndarray"", ""dtype"": ""uint8"", ""finite"": true, ""max"": 110.0, ""min"": 110.0, ""shape"": [224, 224, 3]}"
rust,1,,,,305810.39755351684,100,micro,,0.00327,0.00327,0.00326,0.00339,,,3,0.30581039755351763,100,224,Invert,True,10,"{""c_contiguous"": true, ""container"": ""numpy.ndarray"", ""dtype"": ""uint8"", ""finite"": true, ""max"": 223.0, ""min"": 31.0, ""shape"": [224, 224, 3]}"
rust,1,,,,304878.0487804878,100,micro,,0.00331,0.00328,0.00327,0.00345,,,3,1.2195121951219543,100,224,Solarize,True,10,"{""c_contiguous"": true, ""container"": ""numpy.ndarray"", ""dtype"": ""uint8"", ""finite"": true, ""max"": 127.0, ""min"": 31.0, ""shape"": [224, 224, 3]}"
rust,1,,,,303951.36778115504,100,micro,,0.00329,0.00329,0.00327,0.00342,,,3,0.6079027355623117,100,224,Posterize,True,10,"{""c_contiguous"": true, ""container"": ""numpy.ndarray"", ""dtype"": ""uint8"", ""finite"": true, ""max"": 224.0, ""min"": 32.0, ""shape"": [224, 224, 3]}"
rust,1,,,,86058.51979345955,100,micro,,0.011885,0.01162,0.01156,0.01183,,,3,2.796901893287426,100,224,Normalize,True,10,"{""c_contiguous"": true, ""container"": ""numpy.ndarray"", ""dtype"": ""float32"", ""finite"": true, ""max"": 2.0996947288513184, ""min"": -1.5699118375778198, ""shape"": [224, 224, 3]}"
rust,1,,,,22212.10337512911,100,resize_policy,,0.045125,0.0450205,0.0449,0.050431,,antialias,3,0.49977232594039617,100,224,Resize,True,10,"{""c_contiguous"": true, ""container"": ""numpy.ndarray"", ""dtype"": ""uint8"", ""finite"": true, ""max"": 224.0, ""min"": 32.0, ""shape"": [168, 168, 3]}"
rust,1,,,,6830.087903231314,50,micro,,0.14695550000000002,0.146411,0.145646,0.167881,,,3,0.8944000109281536,50,512,Resize,True,10,"{""c_contiguous"": true, ""container"": ""numpy.ndarray"", ""dtype"": ""uint8"", ""finite"": true, ""max"": 255.0, ""min"": 0.0, ""shape"": [384, 384, 3]}"
rust,1,,,,96432.01542912246,50,micro,,0.01067,0.01037,0.01033,0.01064,,,3,3.278688524590164,50,512,RandomCrop,True,10,"{""c_contiguous"": true, ""container"": ""numpy.ndarray"", ""dtype"": ""uint8"", ""finite"": true, ""max"": 223.0, ""min"": 26.0, ""shape"": [384, 384, 3]}"
rust,1,,,,96571.70449058426,50,micro,,0.010425,0.010355,0.010295,0.01506,,,3,1.2554321583775945,50,512,CenterCrop,True,10,"{""c_contiguous"": true, ""container"": ""numpy.ndarray"", ""dtype"": ""uint8"", ""finite"": true, ""max"": 223.0, ""min"": 31.0, ""shape"": [384, 384, 3]}"
rust,1,,,,43975.37379067722,50,micro,,0.0227855,0.02274,0.02236,0.02486,,,3,1.8711521547933103,50,512,HorizontalFlip,True,10,"{""c_contiguous"": true, ""container"": ""numpy.ndarray"", ""dtype"": ""uint8"", ""finite"": true, ""max"": 255.0, ""min"": 0.0, ""shape"": [512, 512, 3]}"
rust,1,,,,58737.15124816447,50,micro,,0.017224999999999997,0.017025,0.0162355,0.01727,,,3,5.812041116005859,50,512,VerticalFlip,True,10,"{""c_contiguous"": true, ""container"": ""numpy.ndarray"", ""dtype"": ""uint8"", ""finite"": true, ""max"": 255.0, ""min"": 0.0, ""shape"": [512, 512, 3]}"
rust,1,,,,3957.7079330276665,50,micro,,0.2532565,0.2526715,0.2521515,0.276692,,,3,0.4373267265995661,50,512,ColorJitter,True,10,"{""c_contiguous"": true, ""container"": ""numpy.ndarray"", ""dtype"": ""uint8"", ""finite"": true, ""max"": 250.0, ""min"": 5.0, ""shape"": [512, 512, 3]}"
rust,1,,,,1211.8722274635695,50,micro,,0.82622,0.8251695,0.812905,1.023516,,,3,1.6136078708677388,50,512,Affine,True,10,"{""c_contiguous"": true, ""container"": ""numpy.ndarray"", ""dtype"": ""uint8"", ""finite"": true, ""max"": 255.0, ""min"": 0.0, ""shape"": [512, 512, 3]}"
rust,1,,,,6287.884504137428,50,micro,,0.1594105,0.159036,0.1580155,0.174461,,,3,0.8771598883271758,50,512,GaussianBlur,True,10,"{""c_contiguous"": true, ""container"": ""numpy.ndarray"", ""dtype"": ""uint8"", ""finite"": true, ""max"": 254.0, ""min"": 0.0, ""shape"": [512, 512, 3]}"
rust,1,,,,20242.914979757086,50,micro,,0.049575,0.0494,0.049335000000000004,0.05858,,,3,0.48582995951416436,50,512,Grayscale,True,10,"{""c_contiguous"": true, ""container"": ""numpy.ndarray"", ""dtype"": ""uint8"", ""finite"": true, ""max"": 255.0, ""min"": 0.0, ""shape"": [512, 512, 3]}"
rust,1,,,,59259.259259259255,50,micro,,0.016945,0.016875,0.016490499999999998,0.01856,,,3,2.693333333333354,50,512,Invert,True,10,"{""c_contiguous"": true, ""container"": ""numpy.ndarray"", ""dtype"": ""uint8"", ""finite"": true, ""max"": 255.0, ""min"": 0.0, ""shape"": [512, 512, 3]}"
rust,1,,,,59737.156511350055,50,micro,,0.01684,0.01674,0.01651,0.01703,,,3,1.9713261648745544,50,512,Solarize,True,10,"{""c_contiguous"": true, ""container"": ""numpy.ndarray"", ""dtype"": ""uint8"", ""finite"": true, ""max"": 127.0, ""min"": 0.0, ""shape"": [512, 512, 3]}"
rust,1,,,,59559.26146515783,50,micro,,0.016915,0.01679,0.016704999999999998,0.02141,,,3,1.2507444907683256,50,512,Posterize,True,10,"{""c_contiguous"": true, ""container"": ""numpy.ndarray"", ""dtype"": ""uint8"", ""finite"": true, ""max"": 240.0, ""min"": 0.0, ""shape"": [512, 512, 3]}"
rust,1,,,,17061.643718755866,50,micro,,0.0598705,0.058610999999999996,0.0579655,0.06677,,,3,3.2502431284229876,50,512,Normalize,True,10,"{""c_contiguous"": true, ""container"": ""numpy.ndarray"", ""dtype"": ""float32"", ""finite"": true, ""max"": 2.6399998664855957, ""min"": -2.1179039478302, ""shape"": [512, 512, 3]}"
rust,1,,,,5129.8756261654435,50,resize_policy,,0.19517600000000002,0.1949365,0.1947215,0.215262,,antialias,3,0.23315284720923185,50,512,Resize,True,10,"{""c_contiguous"": true, ""container"": ""numpy.ndarray"", ""dtype"": ""uint8"", ""finite"": true, ""max"": 255.0, ""min"": 0.0, ""shape"": [384, 384, 3]}"
rust,1,,,,1544.94078241981,20,micro,,0.6576040000000001,0.647274,0.646269,0.693654,,,3,1.7511903768728692,20,1024,Resize,True,10,"{""c_contiguous"": true, ""container"": ""numpy.ndarray"", ""dtype"": ""uint8"", ""finite"": true, ""max"": 224.0, ""min"": 32.0, ""shape"": [768, 768, 3]}"
rust,1,,,,18571.654084371025,20,micro,,0.06536,0.053845500000000004,0.052290500000000004,0.07136,,,3,24.272223305568705,20,1024,RandomCrop,True,10,"{""c_contiguous"": true, ""container"": ""numpy.ndarray"", ""dtype"": ""uint8"", ""finite"": true, ""max"": 224.0, ""min"": 32.0, ""shape"": [768, 768, 3]}"
rust,1,,,,23668.639053254436,20,micro,,0.043840000000000004,0.04225,0.03981,0.05434,,,3,9.53846153846155,20,1024,CenterCrop,True,10,"{""c_contiguous"": true, ""container"": ""numpy.ndarray"", ""dtype"": ""uint8"", ""finite"": true, ""max"": 224.0, ""min"": 32.0, ""shape"": [768, 768, 3]}"
rust,1,,,,8921.760620240799,20,micro,,0.11352,0.1120855,0.096105,0.129961,,,3,15.537246120149351,20,1024,HorizontalFlip,True,10,"{""c_contiguous"": true, ""container"": ""numpy.ndarray"", ""dtype"": ""uint8"", ""finite"": true, ""max"": 224.0, ""min"": 32.0, ""shape"": [1024, 1024, 3]}"
rust,1,,,,9391.435011269723,20,micro,,0.1127255,0.10647999999999999,0.10391,0.152631,,,3,8.279019534184828,20,1024,VerticalFlip,True,10,"{""c_contiguous"": true, ""container"": ""numpy.ndarray"", ""dtype"": ""uint8"", ""finite"": true, ""max"": 224.0, ""min"": 32.0, ""shape"": [1024, 1024, 3]}"
rust,1,,,,961.296750865047,20,micro,,1.0443615,1.0402615,1.033741,1.087297,,,3,1.0209452142562156,20,1024,ColorJitter,True,10,"{""c_contiguous"": true, ""container"": ""numpy.ndarray"", ""dtype"": ""uint8"", ""finite"": true, ""max"": 231.0, ""min"": 34.0, ""shape"": [1024, 1024, 3]}"
rust,1,,,,308.2105756294816,20,micro,,3.27143,3.244535,3.2213735,4.066605,,,3,1.5427942678997197,20,1024,Affine,True,10,"{""c_contiguous"": true, ""container"": ""numpy.ndarray"", ""dtype"": ""uint8"", ""finite"": true, ""max"": 224.0, ""min"": 0.0, ""shape"": [1024, 1024, 3]}"
rust,1,,,,1556.592245991386,20,micro,,0.654109,0.6424289999999999,0.637194,0.662674,,,3,2.6329757840944317,20,1024,GaussianBlur,True,10,"{""c_contiguous"": true, ""container"": ""numpy.ndarray"", ""dtype"": ""uint8"", ""finite"": true, ""max"": 224.0, ""min"": 32.0, ""shape"": [1024, 1024, 3]}"
rust,1,,,,4699.115626439104,20,micro,,0.226182,0.212806,0.209421,0.226291,,,3,7.876187701474582,20,1024,Grayscale,True,10,"{""c_contiguous"": true, ""container"": ""numpy.ndarray"", ""dtype"": ""uint8"", ""finite"": true, ""max"": 110.0, ""min"": 110.0, ""shape"": [1024, 1024, 3]}"
rust,1,,,,12253.40031858841,20,micro,,0.0887455,0.08160999999999999,0.0722405,0.09211,,,3,20.224237225830176,20,1024,Invert,True,10,"{""c_contiguous"": true, ""container"": ""numpy.ndarray"", ""dtype"": ""uint8"", ""finite"": true, ""max"": 223.0, ""min"": 31.0, ""shape"": [1024, 1024, 3]}"
rust,1,,,,13431.65303353884,20,micro,,0.0885905,0.07445099999999999,0.07142,0.09569,,,3,23.06281984123787,20,1024,Solarize,True,10,"{""c_contiguous"": true, ""container"": ""numpy.ndarray"", ""dtype"": ""uint8"", ""finite"": true, ""max"": 127.0, ""min"": 31.0, ""shape"": [1024, 1024, 3]}"
rust,1,,,,12110.202845897667,20,micro,,0.092071,0.08257500000000001,0.0732055,0.104791,,,3,22.846503178928238,20,1024,Posterize,True,10,"{""c_contiguous"": true, ""container"": ""numpy.ndarray"", ""dtype"": ""uint8"", ""finite"": true, ""max"": 224.0, ""min"": 32.0, ""shape"": [1024, 1024, 3]}"
rust,1,,,,3280.0758353533133,20,micro,,0.316787,0.304871,0.300622,0.370102,,,3,5.302242587848626,20,1024,Normalize,True,10,"{""c_contiguous"": true, ""container"": ""numpy.ndarray"", ""dtype"": ""float32"", ""finite"": true, ""max"": 2.0996947288513184, ""min"": -1.5699118375778198, ""shape"": [1024, 1024, 3]}"
rust,1,,,,1217.2113687541842,20,resize_policy,,0.84148,0.82155,0.81703,0.890556,,antialias,3,2.9760817966039768,20,1024,Resize,True,10,"{""c_contiguous"": true, ""container"": ""numpy.ndarray"", ""dtype"": ""uint8"", ""finite"": true, ""max"": 224.0, ""min"": 32.0, ""shape"": [768, 768, 3]}"
rust,16,,,,3856.0953419573298,1600,pipeline_memory,,0.260185,0.2593296875,0.258024375,0.2664485,classic,,3,0.8331575998216659,100,224,,True,160,"{""c_contiguous"": true, ""container"": ""numpy.ndarray"", ""dtype"": ""float32"", ""finite"": true, ""max"": 1.8905445337295532, ""min"": -2.1179039478302, ""shape"": [224, 224, 3]}"
rust,16,,,,3832.2481284856995,1600,pipeline_memory,,0.262511625,0.2609434375,0.25877875,0.271934125,extended,,3,1.4305303232621147,100,224,,True,160,"{""c_contiguous"": true, ""container"": ""numpy.ndarray"", ""dtype"": ""float32"", ""finite"": true, ""max"": 0.4090632200241089, ""min"": -2.1179039478302, ""shape"": [224, 224, 3]}"
rust,16,,,,58682.86313689245,1600,pipeline_memory,,0.01725446875,0.01704075,0.016911343750000002,0.018993875,pixel_policy,,3,2.01355574138462,100,224,,True,160,"{""c_contiguous"": true, ""container"": ""numpy.ndarray"", ""dtype"": ""float32"", ""finite"": true, ""max"": 2.6399998664855957, ""min"": -2.1179039478302, ""shape"": [224, 224, 3]}"
rust,16,,,,3044.466430143338,800,pipeline_memory,,0.32901446875,0.32846478125,0.32799543750000004,0.3357225625,classic,,3,0.3102406431891908,50,512,,True,160,"{""c_contiguous"": true, ""container"": ""numpy.ndarray"", ""dtype"": ""float32"", ""finite"": true, ""max"": 1.350239634513855, ""min"": -2.1179039478302, ""shape"": [224, 224, 3]}"
rust,16,,,,3043.3754228984135,800,pipeline_memory,,0.3296710625,0.32858253125000003,0.3276175625,0.339823875,extended,,3,0.624957143092185,50,512,,True,160,"{""c_contiguous"": true, ""container"": ""numpy.ndarray"", ""dtype"": ""float32"", ""finite"": true, ""max"": 0.8447929620742798, ""min"": -1.1417930126190186, ""shape"": [224, 224, 3]}"
rust,16,,,,12052.658063077586,800,pipeline_memory,,0.08407956250000001,0.08296925,0.082428625,0.085798625,pixel_policy,,3,1.989818517101221,50,512,,True,160,"{""c_contiguous"": true, ""container"": ""numpy.ndarray"", ""dtype"": ""float32"", ""finite"": true, ""max"": 2.5354247093200684, ""min"": -1.9809058904647827, ""shape"": [224, 224, 3]}"
rust,16,,,,2520.948292514454,320,pipeline_memory,,0.39888084375,0.396676125,0.3940526875,0.40983,classic,,3,1.217153225443047,20,1024,,True,160,"{""c_contiguous"": true, ""container"": ""numpy.ndarray"", ""dtype"": ""float32"", ""finite"": true, ""max"": 1.0016556978225708, ""min"": -2.1179039478302, ""shape"": [224, 224, 3]}"
rust,16,,,,2501.747900896697,320,pipeline_memory,,0.4004533125,0.39972053124999996,0.3900010625,0.4081068125,extended,,3,2.6148894497147492,20,1024,,True,160,"{""c_contiguous"": true, ""container"": ""numpy.ndarray"", ""dtype"": ""float32"", ""finite"": true, ""max"": 1.2630935907363892, ""min"": -2.1179039478302, ""shape"": [224, 224, 3]}"
rust,16,,,,7657.836383625056,320,pipeline_memory,,0.1325945625,0.1305851875,0.1301239375,0.140960875,pixel_policy,,3,1.8919642015293687,20,1024,,True,160,"{""c_contiguous"": true, ""container"": ""numpy.ndarray"", ""dtype"": ""float32"", ""finite"": true, ""max"": 2.517995834350586, ""min"": -1.9466564655303955, ""shape"": [224, 224, 3]}"
rust,1,,,,7037.248154481671,100,io_jpeg,,0.16956549999999998,0.142101,0.141756,0.256922,,,3,19.570235255205795,100,224,,True,10,"{""c_contiguous"": true, ""container"": ""numpy.ndarray"", ""dtype"": ""uint8"", ""finite"": true, ""max"": 223.0, ""min"": 31.0, ""shape"": [224, 224, 3]}"
rust,1,,,,3227.560787072973,50,io_jpeg,,0.3180715,0.30983150000000004,0.3091065,1.278688,,,3,2.8935082456109207,50,512,,True,10,"{""c_contiguous"": true, ""container"": ""numpy.ndarray"", ""dtype"": ""uint8"", ""finite"": true, ""max"": 255.0, ""min"": 0.0, ""shape"": [512, 512, 3]}"
rust,1,,,,991.9783669357738,20,io_jpeg,,1.013556,1.0080865,0.941836,4.98336,,,3,7.1144688476633595,20,1024,,True,10,"{""c_contiguous"": true, ""container"": ""numpy.ndarray"", ""dtype"": ""uint8"", ""finite"": true, ""max"": 223.0, ""min"": 31.0, ""shape"": [1024, 1024, 3]}"
